,song,artist,date,explicit,uri_cancion,popularity,usuario,links,uri_artista,duracion
0,Nothing's Gonna Hurt You Baby,['Cigarettes After Sex'],2023-11-16T11:41:16Z,False,spotify:track:7cs7MLtAWvsdf3w5kBvfK2,73,1183037273,https://open.spotify.com/track/7cs7MLtAWvsdf3w5kBvfK2,['1QAJqy2dA3ihHBFIHRphZj'],286293
1,"Mirror, Mirror",['Blind Guardian'],2023-11-16T14:50:36Z,False,spotify:track:1Q1xUFhz5zXZS3qOjwKwJd,0,saragsandin,https://open.spotify.com/track/1Q1xUFhz5zXZS3qOjwKwJd,['7jxJ25p0pPjk0MStloN6o6'],306173
2,Me Mueve el Aire,['Las Migas'],2023-11-16T18:49:52Z,False,spotify:track:1EPI0COW5WeoIMvkrrsnlU,34,rocidorrrrr,https://open.spotify.com/track/1EPI0COW5WeoIMvkrrsnlU,['6wWp1JO8wL9qEeVV0TRHY3'],276434
3,La Vuelta,['La Plazuela'],2023-11-16T20:06:25Z,False,spotify:track:0JYZ8wogHXg4kKc3HDeLHO,42,nuskkk,https://open.spotify.com/track/0JYZ8wogHXg4kKc3HDeLHO,['3iNrNJ38T7OEaI1UofQcIB'],187730
4,Lágrimas,"['MËSTIZA', 'PAUZA', 'Argentina']",2023-11-16T20:06:35Z,False,spotify:track:38W8WO3xGxwWnQkJcrvHX9,35,nuskkk,https://open.spotify.com/track/38W8WO3xGxwWnQkJcrvHX9,"['1l6pQ0SDItjXzbG9zloE2n', '2GZ0VsYD0N5Gb3EOIELa1N', '7dZexQj3iCyp7wr690gnf2']",218500
5,La Salvación,['Arde Bogotá'],2023-11-16T20:23:14Z,False,spotify:track:0txzIz1WcoAn6m07xypcD5,65,nuskkk,https://open.spotify.com/track/0txzIz1WcoAn6m07xypcD5,['2Wwiu1wnq1W8AMYbWuRFDH'],263942
6,Linoleum,['NOFX'],2023-11-18T08:01:09Z,False,spotify:track:4uB28m7RAflobYpnLMb6A2,59,marpinlo,https://open.spotify.com/track/4uB28m7RAflobYpnLMb6A2,['4S2yOnmsWW97dT87yVoaSZ'],130266
7,Violins,['Lagwagon'],2023-11-18T08:01:37Z,False,spotify:track:2MIffMNLanOcWNLVwbeUYE,46,marpinlo,https://open.spotify.com/track/2MIffMNLanOcWNLVwbeUYE,['66riGCPfih1Xqk81dDvpvf'],187586
8,Come On!,['The Hives'],2023-11-18T08:03:36Z,False,spotify:track:2PCgSYhP1azgvCPPJTVC4F,52,marpinlo,https://open.spotify.com/track/2PCgSYhP1azgvCPPJTVC4F,['4DToQR3aKrHQSSRzSz8Nzt'],68133
9,tarde,['Nina Kraviz'],2023-11-18T10:34:54Z,False,spotify:track:5LrkoYgRaJlKpTQdo2E53X,37,315x7uh6dk3vech6isc3mt4n23wm,https://open.spotify.com/track/5LrkoYgRaJlKpTQdo2E53X,['1oZmFNkGAT93yD1xX4vTRE'],333500
10,Love Natural,['Crystal Fighters'],2023-11-18T10:38:34Z,False,spotify:track:340nB6iDnGpaofYoSg8BnL,52,315x7uh6dk3vech6isc3mt4n23wm,https://open.spotify.com/track/340nB6iDnGpaofYoSg8BnL,['75EZuo5MHV2572NRpMWotC'],199526
11,ESTRATOS GEOLÓGICOS,['Los Punsetes'],2023-11-22T11:53:03Z,False,spotify:track:29MnzEF2Irzs0i8Io0EGpr,17,dkuhrx8m8jqusjvkattt4tl2n,https://open.spotify.com/track/29MnzEF2Irzs0i8Io0EGpr,['1jr0mAgIhKtTeKTZwk0HjF'],141813
12,A New Error,['Moderat'],2023-11-22T11:53:33Z,False,spotify:track:1fmoCZ6mtMiqA5GHWPcZz9,58,j5v8yhiwzcqrgeehqb9oawld4,https://open.spotify.com/track/1fmoCZ6mtMiqA5GHWPcZz9,['2exkZbmNqMKnT8LRWuxWgy'],367306
13,Coast (feat. Anderson .Paak),"['Hailee Steinfeld', 'Anderson .Paak']",2023-11-22T11:53:40Z,False,spotify:track:1l4iQsOZ5sOXZPMQLvouaB,65,marguia,https://open.spotify.com/track/1l4iQsOZ5sOXZPMQLvouaB,"['5p7f24Rk5HkUZsaS3BLG5F', '3jK9MiCrA42lLAdMGUZpwa']",166720
14,VIRILE,['The Blaze'],2023-11-22T11:54:06Z,False,spotify:track:397sfkANMRKEuchzPCvlFL,57,j5v8yhiwzcqrgeehqb9oawld4,https://open.spotify.com/track/397sfkANMRKEuchzPCvlFL,['1Dt1UKLtrJIW1xxRBejjos'],321560
15,Bruises,['Lewis Capaldi'],2023-11-22T11:54:25Z,False,spotify:track:4Of7rzpRpV1mWRbhp5rAqG,79,j5v8yhiwzcqrgeehqb9oawld4,https://open.spotify.com/track/4Of7rzpRpV1mWRbhp5rAqG,['4GNC7GD6oZMSxPGyXy4MNB'],220492
16,Always Get Through To You,"[""Barry Can't Swim""]",2023-11-22T11:54:56Z,False,spotify:track:0g8nIlk2ltpZP8lYlPvRx1,49,1183037273,https://open.spotify.com/track/0g8nIlk2ltpZP8lYlPvRx1,['0vTVU0KH0CVzijsoKGsTPl'],246840
17,Innerbloom,['RÜFÜS DU SOL'],2023-11-22T11:55:02Z,False,spotify:track:6CGMZijOAZvTXG21T8t6R0,72,1183037273,https://open.spotify.com/track/6CGMZijOAZvTXG21T8t6R0,['5Pb27ujIyYb33zBqVysBkj'],578040
18,Can't Do Without You,['Caribou'],2023-11-22T11:55:08Z,False,spotify:track:2f14cB0pXqhgQDeNmQDkXf,15,1183037273,https://open.spotify.com/track/2f14cB0pXqhgQDeNmQDkXf,['4aEnNH9PuU1HF3TsZTru54'],236400
19,Madness,['Muse'],2023-11-22T11:55:12Z,False,spotify:track:0c4IEciLCDdXEhhKxj4ThA,67,1183037273,https://open.spotify.com/track/0c4IEciLCDdXEhhKxj4ThA,['12Chz98pHFMPJEknJQMWvI'],281040
20,Mon amour,"['MR TOUT LE MONDE', 'ROLEON']",2023-11-22T11:55:47Z,False,spotify:track:76IxUSbSk51sjFhaf6Os52,40,1183037273,https://open.spotify.com/track/76IxUSbSk51sjFhaf6Os52,"['4MgxKih2gf4BgMkPVOfvrn', '7j4NNn5kGRiQCjsVO5IR63']",208000
21,Under Pressure,"['Queen', 'David Bowie']",2023-11-22T11:55:57Z,False,spotify:track:6suU8oBlW4O2pg88tOXgHo,60,,https://open.spotify.com/track/6suU8oBlW4O2pg88tOXgHo,"['1dfeR4HaWDbWqFHLkxsg1d', '0oSGxfWSnnOXhD2fKuz2Gy']",244484
22,Whatever It Takes,['Imagine Dragons'],2023-11-22T11:56:05Z,False,spotify:track:6Qn5zhYkTa37e91HC1D7lb,82,marguia,https://open.spotify.com/track/6Qn5zhYkTa37e91HC1D7lb,['53XhwfbYqKCa1cC15pYq2q'],201240
23,Cafeliko,['Jimena Amarillo'],2023-11-22T11:56:10Z,False,spotify:track:1ke6DDQfH9iW2g1abrUdua,56,rockdontdie,https://open.spotify.com/track/1ke6DDQfH9iW2g1abrUdua,['29cPgYFoxExwmptUrlnYmm'],127119
24,Flow 2000,['Bad Gyal'],2023-11-22T11:56:32Z,False,spotify:track:1BOLgpXolZEcIaCEIuFhPM,55,rockdontdie,https://open.spotify.com/track/1BOLgpXolZEcIaCEIuFhPM,['4F4pp8NUW08JuXwnoxglpN'],155213
25,Moon (And It Went Like),"['Kid Francescoli', 'Julia Minkin']",2023-11-22T11:56:59Z,False,spotify:track:20HCH8XT2EK1QYe1loAJ8E,63,j5v8yhiwzcqrgeehqb9oawld4,https://open.spotify.com/track/20HCH8XT2EK1QYe1loAJ8E,"['2G7QgTep5IsJHGHm1hXygD', '63fbQTZ9yW3SUsBRYcn1Wm']",390638
26,Chemical,['Post Malone'],2023-11-22T11:58:03Z,True,spotify:track:5w40ZYhbBMAlHYNDaVJIUu,80,tamtam3412,https://open.spotify.com/track/5w40ZYhbBMAlHYNDaVJIUu,['246dkjvS1zLTtiykXe5h60'],184013
27,TERRITORY,['The Blaze'],2023-11-22T11:58:06Z,False,spotify:track:2W3EgJst61RLZtPPm3EQim,68,j5v8yhiwzcqrgeehqb9oawld4,https://open.spotify.com/track/2W3EgJst61RLZtPPm3EQim,['1Dt1UKLtrJIW1xxRBejjos'],276373
28,Turn On The Lights again.. (feat. Future),"['Fred again..', 'Swedish House Mafia', 'Future']",2023-11-22T11:58:24Z,False,spotify:track:0UZFTyq4ogQ5RvfOHGPVdZ,14,j5v8yhiwzcqrgeehqb9oawld4,https://open.spotify.com/track/0UZFTyq4ogQ5RvfOHGPVdZ,"['4oLeXFyACqeem2VImYeBFe', '1h6Cn3P4NGzXbaXidqURXs', '1RyvyyTE3xzB2ZywiAwp0i']",267946
29,Gold,['Chet Faker'],2023-11-22T11:58:25Z,False,spotify:track:1g7zNtcGrWt8gcBRwDQEkf,0,kokoblanko,https://open.spotify.com/track/1g7zNtcGrWt8gcBRwDQEkf,['6UcJxoeHWWWyT5HZP064om'],285255
30,Last Living Dinosaur,['Kadavar'],2023-11-22T11:58:27Z,False,spotify:track:5JWT9cWwbLttKe7zrfNnn7,41,rockdontdie,https://open.spotify.com/track/5JWT9cWwbLttKe7zrfNnn7,['0FfuujZJUa7Z2JzhhiPI2z'],245585
31,She's a Hurricane,['March'],2023-11-22T11:58:42Z,False,spotify:track:67htvkqEyXuQpV8wfSmKSr,5,saragsandin,https://open.spotify.com/track/67htvkqEyXuQpV8wfSmKSr,['2vJjXC1l7NaTmcHmMhLejC'],232253
32,Everyday Is Like Sunday - 2011 Remaster,['Morrissey'],2023-11-22T11:58:45Z,False,spotify:track:0egYMfS7hjEneR86a9K61w,58,,https://open.spotify.com/track/0egYMfS7hjEneR86a9K61w,['3iTsJGG39nMg9YiolUgLMQ'],215266
33,Jungle,['Fred again..'],2023-11-22T11:58:47Z,True,spotify:track:74yA2S6c71vhUvfh8VkCBY,11,j5v8yhiwzcqrgeehqb9oawld4,https://open.spotify.com/track/74yA2S6c71vhUvfh8VkCBY,['4oLeXFyACqeem2VImYeBFe'],198805
34,AOK,['Tai Verdes'],2023-11-22T11:58:51Z,True,spotify:track:1sx0XsWUusUoPstbvokZjP,70,tamtam3412,https://open.spotify.com/track/1sx0XsWUusUoPstbvokZjP,['2kCO8LXN1usaOPL3iEE28I'],173640
35,The More You Ignore Me the Closer I Get,['Morrissey'],2023-11-22T11:59:09Z,False,spotify:track:2ljH5Nxub9QIJ1WE1hsVU3,21,,https://open.spotify.com/track/2ljH5Nxub9QIJ1WE1hsVU3,['3iTsJGG39nMg9YiolUgLMQ'],223906
36,Death's Door,['Uncle Acid & The Deadbeats'],2023-11-22T11:59:16Z,False,spotify:track:1UghmqyvyKeXpF1LsrBa2E,36,rockdontdie,https://open.spotify.com/track/1UghmqyvyKeXpF1LsrBa2E,['16PcI6JjJuUfPlsX8Ffvfl'],435200
37,Angry,['The Rolling Stones'],2023-11-22T11:59:22Z,False,spotify:track:5op6kdhlMQ4L0KH30GCZ5T,55,kokoblanko,https://open.spotify.com/track/5op6kdhlMQ4L0KH30GCZ5T,['22bE4uQ6baNwSHPVcDxLCe'],226735
38,Psycho Killer - 2005 Remaster,['Talking Heads'],2023-11-22T11:59:34Z,False,spotify:track:1i6N76fftMZhijOzFQ5ZtL,74,rockdontdie,https://open.spotify.com/track/1i6N76fftMZhijOzFQ5ZtL,['2x9SpqnPi8rlE9pjHBwmSC'],261413
39,Hasta que salga el sol,"['Natos y Waor', 'Recycled J']",2023-11-22T11:59:49Z,False,spotify:track:6xRglH0lCDxiHEjbDRxT3v,45,tamtam3412,https://open.spotify.com/track/6xRglH0lCDxiHEjbDRxT3v,"['1QJbbsxg2wqidJj51d3otw', '4bWHA8fMNjzfGPQqnh5D6y']",247000
40,CLASSY 101,"['Feid', 'Young Miko']",2023-11-22T12:00:06Z,True,spotify:track:6XSqqQIy7Lm7SnwxS4NrGx,77,rockdontdie,https://open.spotify.com/track/6XSqqQIy7Lm7SnwxS4NrGx,"['2LRoIwlKmHjgvigdNGBHNo', '3qsKSpcV3ncke3hw52JSMB']",195986
41,Resiste,['Tribade'],2023-11-22T12:01:09Z,True,spotify:track:4JcFX2oIKRRXpmrcfTbzOU,26,tamtam3412,https://open.spotify.com/track/4JcFX2oIKRRXpmrcfTbzOU,['5x7QnRNtTCMmMQGvOZFTQG'],223814
42,Strappati Lungo i Bordi,['Giancane'],2023-11-22T12:01:41Z,False,spotify:track:1tmxGSXmeKk5NjZh3hIG7v,42,tamtam3412,https://open.spotify.com/track/1tmxGSXmeKk5NjZh3hIG7v,['5SHRnc9Tl14jqVV0CTr49B'],199384
43,Libero,['Klaxon'],2023-11-22T12:02:11Z,False,spotify:track:7IhFbLiF5lHOcoFdjrIR9S,24,tamtam3412,https://open.spotify.com/track/7IhFbLiF5lHOcoFdjrIR9S,['3rtoUfruq8eg7lS1FKa9PG'],186826
44,"Yo Solo Quiero Amor (From ""Te Estoy Amando Locamente"")",['Rigoberta Bandini'],2023-11-22T12:02:39Z,False,spotify:track:343VXHXiZd93p7A8PhxcOS,41,rockdontdie,https://open.spotify.com/track/343VXHXiZd93p7A8PhxcOS,['7DOERbtkx9aTLvWzZSB0qx'],191189
45,Calm Down (with Selena Gomez),"['Rema', 'Selena Gomez']",2023-11-22T12:02:46Z,False,spotify:track:1s7oOCT8vauUh01PbJD6ps,75,rockdontdie,https://open.spotify.com/track/1s7oOCT8vauUh01PbJD6ps,"['46pWGuE3dSwY3bMMXGBvVS', '0C8ZW7ezQVs4URX5aX7Kqx']",239317
46,Ventiladors,['ZOO'],2023-11-22T12:03:07Z,False,spotify:track:0M25X6yEbmDd40kH7bxjLf,48,tamtam3412,https://open.spotify.com/track/0M25X6yEbmDd40kH7bxjLf,['7a3ryRcO3alwbqaX4RagzM'],214247
47,Friday I'm In Love,['The Cure'],2023-11-22T12:03:18Z,False,spotify:track:20CNpCKq1oTdvekXaboyeq,0,tamtam3412,https://open.spotify.com/track/20CNpCKq1oTdvekXaboyeq,['7bu3H8JO7d0UbMoVzbo70s'],215160
48,London Calling - Remastered,['The Clash'],2023-11-22T12:03:25Z,False,spotify:track:5jzma6gCzYtKB1DbEwFZKH,70,tamtam3412,https://open.spotify.com/track/5jzma6gCzYtKB1DbEwFZKH,['3RGLhK1IP9jnYFH4BRFJBS'],200480
49,Glad to Be Gay,['Tom Robinson Band'],2023-11-22T12:04:30Z,False,spotify:track:15mRglwFDmZEF5D0HfsiaQ,23,tamtam3412,https://open.spotify.com/track/15mRglwFDmZEF5D0HfsiaQ,['57YVY9QP1mhqc51WqHln0e'],287133
50,La Luz - A COLORS SHOW,['María José Llergo'],2023-11-22T12:04:35Z,False,spotify:track:5jRnVQbjB6qgN3MARS4xw7,41,rockdontdie,https://open.spotify.com/track/5jRnVQbjB6qgN3MARS4xw7,['70GBRlKEGjfueop2lfdQ4Q'],191598
51,La Cura,['Frankie Ruiz'],2023-11-22T12:06:19Z,False,spotify:track:3LxcxP23val8en6VNc4xgz,54,rockdontdie,https://open.spotify.com/track/3LxcxP23val8en6VNc4xgz,['4dLvccxeQIM5u80Ri0u9OV'],297946
52,Last Nite,['The Strokes'],2023-11-22T12:06:21Z,False,spotify:track:7kzKAuUzOITUauHAhoMoxA,76,tamtam3412,https://open.spotify.com/track/7kzKAuUzOITUauHAhoMoxA,['0epOFNiUfyON9EYx7Tpr6V'],193506
53,Loki,['Destripando la Historia'],2023-11-22T12:07:04Z,False,spotify:track:0hyRHu8DGdj1DY0e2ZIAhk,51,tamtam3412,https://open.spotify.com/track/0hyRHu8DGdj1DY0e2ZIAhk,['2YMMZXPBFWM9aFUL4fzRTn'],171081
54,Players - Tokischa Remix,"['Coi Leray', 'Tokischa']",2023-11-22T12:07:16Z,True,spotify:track:3CiqiUV5zVJ2f80qHMyAKZ,44,rockdontdie,https://open.spotify.com/track/3CiqiUV5zVJ2f80qHMyAKZ,"['6AMd49uBDJfhf30Ak2QR5s', '2p4aN0Uxkk3iT3HK0cJ2cJ']",144133
55,L'enfant sauvage,['Gojira'],2023-11-22T12:07:46Z,False,spotify:track:4PWxt9Fy949kUtkEi2GI5V,54,rockdontdie,https://open.spotify.com/track/4PWxt9Fy949kUtkEi2GI5V,['0GDGKpJFhVpcjIGF8N6Ewt'],257733
56,I Wish you Roses,['Kali Uchis'],2023-11-22T12:08:02Z,False,spotify:track:35SbrfbaSpGUBX7e5BPega,69,rockdontdie,https://open.spotify.com/track/35SbrfbaSpGUBX7e5BPega,['1U1el3k54VvEUzo3ybLPlM'],219954
57,Help,['Pink Guy'],2023-11-22T12:08:43Z,True,spotify:track:2SmXJEhm1yJvXK6Hx4XAYT,45,tamtam3412,https://open.spotify.com/track/2SmXJEhm1yJvXK6Hx4XAYT,['3yJnBqAoRUNeDabdYoiYWD'],165040
58,All Star,['Smash Mouth'],2023-11-22T12:08:56Z,False,spotify:track:3cfOd4CMv2snFaKAnMdnvK,80,tamtam3412,https://open.spotify.com/track/3cfOd4CMv2snFaKAnMdnvK,['2iEvnFsWxR0Syqu2JNopAd'],200373
59,Esbarzers,['La Gossa Sorda'],2023-11-22T12:10:13Z,False,spotify:track:7tiu52iT5YeFY7QhOCpmOs,41,tamtam3412,https://open.spotify.com/track/7tiu52iT5YeFY7QhOCpmOs,['0luDJsRYWbHW2Sj1I5TPrE'],265386
60,Volcans,['Buhos'],2023-11-22T12:10:20Z,False,spotify:track:5AnPNGsEt7cOjSGmBDq8e2,52,tamtam3412,https://open.spotify.com/track/5AnPNGsEt7cOjSGmBDq8e2,['7BdgXLhynRQk78pKkhAsAR'],225840
61,Senderos a Roma,['Lágrimas De Sangre'],2023-11-22T12:10:35Z,True,spotify:track:5e52T2IWnMrcInh5CpW2Po,39,tamtam3412,https://open.spotify.com/track/5e52T2IWnMrcInh5CpW2Po,['5Qvyfq1Nfeju9R8prt8M7a'],294013
62,El lugar correcto,['Natalia Lafourcade'],2023-11-22T12:11:46Z,False,spotify:track:3G6XpCfczuhbTSBlgfqe9v,62,rockdontdie,https://open.spotify.com/track/3G6XpCfczuhbTSBlgfqe9v,['1hcdI2N1023RvSwLzTtdsp'],231053
63,Gotta Be Patient,"['Stay Homas', 'Judit Neddermann']",2023-11-22T12:12:34Z,False,spotify:track:43N2Qt0keMpRWNmL7LQ91C,22,31kmryeffqn4krfyd6qriahtdpsu,https://open.spotify.com/track/43N2Qt0keMpRWNmL7LQ91C,"['7fUEi9sgiLw8gwQ307T6IU', '1ImywUogV5mfqWMyXEvkgE']",147175
64,This is Not America (feat. Ibeyi),"['Residente', 'Ibeyi']",2023-11-22T12:12:56Z,False,spotify:track:7d8LusdMBU3yWUSWBpETjG,50,rockdontdie,https://open.spotify.com/track/7d8LusdMBU3yWUSWBpETjG,"['5GcWBUX00IPuWVGMIRK1sS', '5Q8NEHGX70m1kkojbtm8wa']",231332
65,This Life,['Vampire Weekend'],2023-11-22T12:15:34Z,False,spotify:track:4dRqYKhLVujxiBXcq50YzG,61,tamtam3412,https://open.spotify.com/track/4dRqYKhLVujxiBXcq50YzG,['5BvJzeQpmsdsFp4HGUYUEx'],268600
66,Pink Lemonade,['The Wombats'],2023-11-22T12:15:39Z,False,spotify:track:1OqbX2MZ6ZzWP7HjMHbdkp,49,tamtam3412,https://open.spotify.com/track/1OqbX2MZ6ZzWP7HjMHbdkp,['0Ya43ZKWHTKkAbkoJJkwIB'],226106
67,You're in Love with a Psycho,['Kasabian'],2023-11-22T12:15:46Z,False,spotify:track:0AJhcuRl3i1FfPNr88ZScv,57,tamtam3412,https://open.spotify.com/track/0AJhcuRl3i1FfPNr88ZScv,['11wRdbnoYqRddKBrpHt4Ue'],215693
68,Nochentera,['Vicco'],2023-11-22T12:18:35Z,False,spotify:track:20CozgjF6bshBw8cLhN23B,67,tamtam3412,https://open.spotify.com/track/20CozgjF6bshBw8cLhN23B,['2z1MpPojFcvxYcEAx0lT6w'],202184
69,Mr. Moon,['Kate Micucci'],2023-11-22T12:19:24Z,False,spotify:track:5zj21vVkwv2GJlVcB4gIkN,17,31kmryeffqn4krfyd6qriahtdpsu,https://open.spotify.com/track/5zj21vVkwv2GJlVcB4gIkN,['0oYI03YsJ5AbgdP6Kwxeos'],71426
70,Aviam què passa - Estrella Damm 2021,['Rigoberta Bandini'],2023-11-22T12:26:59Z,False,spotify:track:7b0Hoz7115EQavRSkdf9ua,37,31kmryeffqn4krfyd6qriahtdpsu,https://open.spotify.com/track/7b0Hoz7115EQavRSkdf9ua,['7DOERbtkx9aTLvWzZSB0qx'],232362
71,Jugular,['Triquell'],2023-11-22T12:31:50Z,False,spotify:track:4SRUHvV4infMgwc7DaUkUO,35,31kmryeffqn4krfyd6qriahtdpsu,https://open.spotify.com/track/4SRUHvV4infMgwc7DaUkUO,['68CQGYnlJfrMyRcd255jVW'],184041
72,Todo se transforma,['Jorge Drexler'],2023-11-22T13:00:45Z,False,spotify:track:4YEU9N2XAE0DfUwxWI5ijA,61,s6965pkqyv7att8jrbrrsgrvb,https://open.spotify.com/track/4YEU9N2XAE0DfUwxWI5ijA,['4ssUf5gLb1GBLxi1BhPrVt'],217146
73,Shallow - Radio Edit,"['Lady Gaga', 'Bradley Cooper']",2023-11-22T13:01:44Z,False,spotify:track:6QfS2wq5sSC1xAJCQsTSlj,68,s6965pkqyv7att8jrbrrsgrvb,https://open.spotify.com/track/6QfS2wq5sSC1xAJCQsTSlj,"['1HY2Jd0NmPuamShAr6KMms', '4VIvfOurcf0vuLRxLkGnIG']",217212
74,Crazy,['Gnarls Barkley'],2023-11-22T13:02:10Z,False,spotify:track:1vxw6aYJls2oq3gW0DujAo,77,s6965pkqyv7att8jrbrrsgrvb,https://open.spotify.com/track/1vxw6aYJls2oq3gW0DujAo,['5SbkVQYYzlw1kte75QIabH'],177933
75,René,['Residente'],2023-11-22T13:09:48Z,False,spotify:track:6gm12xlADJwiBbHIKBXzGW,63,s6965pkqyv7att8jrbrrsgrvb,https://open.spotify.com/track/6gm12xlADJwiBbHIKBXzGW,['5GcWBUX00IPuWVGMIRK1sS'],457591
76,El Tesoro,['El Mató a un Policía Motorizado'],2023-11-22T13:10:45Z,False,spotify:track:6eiNg8p7GYO7x0GXM4zplv,40,referpe,https://open.spotify.com/track/6eiNg8p7GYO7x0GXM4zplv,['5rLsN2LxYaEPLa1N7I2mPB'],271400
77,La Jaula De Oro,"['Los Tigres Del Norte', 'Juanes']",2023-11-22T13:14:09Z,False,spotify:track:1yCxOSKbSlYAUbjeeH0Yv3,45,s6965pkqyv7att8jrbrrsgrvb,https://open.spotify.com/track/1yCxOSKbSlYAUbjeeH0Yv3,"['3hYtANQYrE6pd2PbtEyTIy', '0UWZUmn7sybxMCqrw9tGa7']",181666
78,No Surprises,['Radiohead'],2023-11-22T13:15:02Z,False,spotify:track:10nyNJ6zNy2YVYLrcwLccB,81,marguia,https://open.spotify.com/track/10nyNJ6zNy2YVYLrcwLccB,['4Z8W4fKeB5YxbusRsdQVPb'],229120
79,El Rayo,['Pony Bravo'],2023-11-22T13:15:04Z,False,spotify:track:3BwgwPcy9sayZ80ZRKV5UG,27,referpe,https://open.spotify.com/track/3BwgwPcy9sayZ80ZRKV5UG,['2e1wMFU6VpZkcLil2g7MrF'],210960
80,...baby one more time,['The Marías'],2023-11-22T13:20:00Z,False,spotify:track:1Zqs6A90va6FUxQ7KJAckG,57,referpe,https://open.spotify.com/track/1Zqs6A90va6FUxQ7KJAckG,['2sSGPbdZJkaSE2AbcGOACx'],125333
81,Lonely,['Imagine Dragons'],2023-11-22T13:27:03Z,False,spotify:track:1VMBapbhHidf6ALFszT7w1,66,marguia,https://open.spotify.com/track/1VMBapbhHidf6ALFszT7w1,['53XhwfbYqKCa1cC15pYq2q'],159851
82,Lo Que Te Hace Grande,['Vetusta Morla'],2023-11-22T13:33:25Z,False,spotify:track:1OYhYHLLXPWvUjGvSJnxMw,41,s6965pkqyv7att8jrbrrsgrvb,https://open.spotify.com/track/1OYhYHLLXPWvUjGvSJnxMw,['6J6yx1t3nwIDyPXk5xa7O8'],252600
83,I'm Coming Out - Original CHIC Mix,['Diana Ross'],2023-11-22T13:33:38Z,False,spotify:track:1HoZjhl0cjWU3MfUMCc8cl,40,marguia,https://open.spotify.com/track/1HoZjhl0cjWU3MfUMCc8cl,['3MdG05syQeRYPPcClLaUGl'],360026
84,siempre vuelve,['cocodrilos'],2023-11-22T13:35:41Z,False,spotify:track:6gxppp7LwKYzv2WK7MYHby,25,marguia,https://open.spotify.com/track/6gxppp7LwKYzv2WK7MYHby,['48aXW679WAp8N2mUdQcpJH'],177375
85,Renegades,['X Ambassadors'],2023-11-22T13:56:44Z,False,spotify:track:0fYVliAYKHuPmECRs1pbRf,75,marguia,https://open.spotify.com/track/0fYVliAYKHuPmECRs1pbRf,['3NPpFNZtSTHheNBaWC82rB'],195200
86,Sharks,['Imagine Dragons'],2023-11-22T13:59:21Z,False,spotify:track:7sA2SKTo1QbTSSYn5YvJC4,70,marguia,https://open.spotify.com/track/7sA2SKTo1QbTSSYn5YvJC4,['53XhwfbYqKCa1cC15pYq2q'],190883
87,Te Acuerdas Que (feat. InnerCut),"['Juancho Marqués', 'Daniela Garsal', 'InnerCut']",2023-11-22T14:00:51Z,False,spotify:track:1Xkpr1CLw4OlfXlJTSKnrQ,44,j5v8yhiwzcqrgeehqb9oawld4,https://open.spotify.com/track/1Xkpr1CLw4OlfXlJTSKnrQ,"['5JcO3FHEBbWTQMUHmWtU2g', '5UA1oMfQ2oISh5SaZiVjXe', '0GABUps2B17UMu6M8tkEDS']",196960
88,Love Lies (with Normani),"['Khalid', 'Normani']",2023-11-22T14:01:17Z,False,spotify:track:45Egmo7icyopuzJN0oMEdk,71,j5v8yhiwzcqrgeehqb9oawld4,https://open.spotify.com/track/45Egmo7icyopuzJN0oMEdk,"['6LuN9FCkKOj5PcnpouEgny', '2cWZOOzeOm4WmBJRnD5R7I']",201707
89,Stand By Me,['Ben E. King'],2023-11-22T14:01:31Z,False,spotify:track:3SdTKo2uVsxFblQjpScoHy,77,j5v8yhiwzcqrgeehqb9oawld4,https://open.spotify.com/track/3SdTKo2uVsxFblQjpScoHy,['3plJVWt88EqjvtuB4ZDRV3'],180055
90,Pyro,['Kings of Leon'],2023-11-22T14:01:39Z,False,spotify:track:0umDVf77ygI5RiVp9OvNDj,67,j5v8yhiwzcqrgeehqb9oawld4,https://open.spotify.com/track/0umDVf77ygI5RiVp9OvNDj,['2qk9voo8llSGYcZ6xrBzKx'],250533
91,What About Us,['P!nk'],2023-11-22T14:02:41Z,False,spotify:track:0Qh38w01QRXK6KHIv0e3hb,74,j5v8yhiwzcqrgeehqb9oawld4,https://open.spotify.com/track/0Qh38w01QRXK6KHIv0e3hb,['1KCSPY1glIKqW2TotWuXOR'],269600
92,The Good Side,['Troye Sivan'],2023-11-22T14:02:56Z,False,spotify:track:4qAHuJq5T4Q97EQZG47H0P,52,j5v8yhiwzcqrgeehqb9oawld4,https://open.spotify.com/track/4qAHuJq5T4Q97EQZG47H0P,['3WGpXCj9YhhfX11TToZcXP'],268597
93,everything i wanted,['Billie Eilish'],2023-11-22T14:03:06Z,False,spotify:track:3ZCTVFBt2Brf31RLEnCkWJ,82,j5v8yhiwzcqrgeehqb9oawld4,https://open.spotify.com/track/3ZCTVFBt2Brf31RLEnCkWJ,['6qqNVTkY8uBg9cP3Jd7DAH'],245425
94,berlin U5,['Zahara'],2023-11-22T14:03:15Z,True,spotify:track:6S3oslrDkG9vyTDrtyjokA,47,j5v8yhiwzcqrgeehqb9oawld4,https://open.spotify.com/track/6S3oslrDkG9vyTDrtyjokA,['7uLePkJ2f0MwEcphODfkuu'],219787
95,I Don't Know How - French 79 Remix,"['Kid Francescoli', 'French 79']",2023-11-22T14:03:28Z,False,spotify:track:6L0xIwnRJhTvDmrAnG5yYB,36,j5v8yhiwzcqrgeehqb9oawld4,https://open.spotify.com/track/6L0xIwnRJhTvDmrAnG5yYB,"['2G7QgTep5IsJHGHm1hXygD', '6MJKlN8ya42Agsw3iQZs6e']",425755
96,Celebrate,['TWICE'],2023-11-22T14:13:00Z,False,spotify:track:4Y0chGCyYIRpdUqHJjndF7,52,marguia,https://open.spotify.com/track/4Y0chGCyYIRpdUqHJjndF7,['7n2Ycct7Beij7Dj7meI4X0'],188433
97,Starlight,['Muse'],2023-11-22T14:15:31Z,False,spotify:track:3skn2lauGk7Dx6bVIt5DVj,72,marguia,https://open.spotify.com/track/3skn2lauGk7Dx6bVIt5DVj,['12Chz98pHFMPJEknJQMWvI'],240213
98,Dopamina,['Veintiuno'],2023-11-22T14:15:40Z,False,spotify:track:2OCpUm3GvQtKX57tpolcBO,49,marguia,https://open.spotify.com/track/2OCpUm3GvQtKX57tpolcBO,['2k60o7SVpOKmzpuTEAG3L8'],214458
99,La Fiesta Universal,['La Casa Azul'],2023-11-22T14:15:46Z,False,spotify:track:6VSBRiSxH81TYSJiO9atPn,31,marguia,https://open.spotify.com/track/6VSBRiSxH81TYSJiO9atPn,['2Ynst7DZrEJnlaMM41ZCxd'],226253
100,Ceras rosas,['dani dicostas'],2023-11-22T14:16:59Z,False,spotify:track:7nfY4G4nryfLd0G5iDTa11,21,marguia,https://open.spotify.com/track/7nfY4G4nryfLd0G5iDTa11,['2k4Jys5s77VnAucRQ6WUSl'],190206
101,Que Te Den,"['Amparanoia', 'La Pegatina']",2023-11-22T14:19:03Z,False,spotify:track:4sm9EIEYjJtj1Pr0Xms1Hk,30,31kmryeffqn4krfyd6qriahtdpsu,https://open.spotify.com/track/4sm9EIEYjJtj1Pr0Xms1Hk,"['23xlCr6Espgfu0IQExvjU6', '4xvB67czbtvemGVXGa81oK']",204709
102,Luna,['Judit Neddermann'],2023-11-22T14:21:02Z,False,spotify:track:1GFn31oSGN87sG6S6hBTe5,25,31kmryeffqn4krfyd6qriahtdpsu,https://open.spotify.com/track/1GFn31oSGN87sG6S6hBTe5,['1ImywUogV5mfqWMyXEvkgE'],197213
103,Grace Kelly,['MIKA'],2023-11-22T14:25:52Z,False,spotify:track:2SDx0PooHZI1SQKR0y44bs,71,31kmryeffqn4krfyd6qriahtdpsu,https://open.spotify.com/track/2SDx0PooHZI1SQKR0y44bs,['5MmVJVhhYKQ86izuGHzJYA'],187733
104,Undercover Martyn,['Two Door Cinema Club'],2023-11-22T14:38:27Z,False,spotify:track:6GQLX6Z28fYwDNCrhaKzYF,67,marguia,https://open.spotify.com/track/6GQLX6Z28fYwDNCrhaKzYF,['536BYVgOnRky0xjsPT96zl'],166573
105,grace,['Fujii Kaze'],2023-11-22T14:42:48Z,False,spotify:track:7tnYsRepXLaNhqj4xtcWP2,61,marguia,https://open.spotify.com/track/7tnYsRepXLaNhqj4xtcWP2,['6bDWAcdtVR3WHz2xtiIPUi'],289541
106,Las Flores,"['Tambor Hembra', 'Martina Camargo']",2023-11-22T15:19:24Z,False,spotify:track:7cCUTiNIVxTNm3YTChKuA2,18,tamtam3412,https://open.spotify.com/track/7cCUTiNIVxTNm3YTChKuA2,"['5jyMvb1WZbqhWwWFu90u7D', '72krcJiWIMJhixOTI6GY3S']",264908
107,Lonely Boy,['The Black Keys'],2023-11-22T15:26:34Z,False,spotify:track:5G1sTBGbZT5o4PNRc75RKI,79,marguia,https://open.spotify.com/track/5G1sTBGbZT5o4PNRc75RKI,['7mnBLXK823vNxN3UWB7Gfz'],193653
108,Time is Running Out,['Muse'],2023-11-22T15:57:50Z,False,spotify:track:2takcwOaAZWiXQijPHIx7B,10,marguia,https://open.spotify.com/track/2takcwOaAZWiXQijPHIx7B,['12Chz98pHFMPJEknJQMWvI'],237039
109,Segundo Premio,['Los Planetas'],2023-11-22T16:28:46Z,False,spotify:track:0VaaF3Mjm3xwl9uQJbwetH,43,referpe,https://open.spotify.com/track/0VaaF3Mjm3xwl9uQJbwetH,['0N1TIXCk9Q9JbEPXQDclEL'],331933
110,Te Quiero Igual,"['Novedades Carminha', 'Alba Galocha']",2023-11-22T16:33:06Z,False,spotify:track:0CxATGg1KrVB0DZsHkw9a3,35,referpe,https://open.spotify.com/track/0CxATGg1KrVB0DZsHkw9a3,"['52la6ts4higk3sqyFC3aTg', '1e88eGX1rhkaEYEr9H92sB']",183864
111,Mazo,['Camellos'],2023-11-22T16:39:58Z,False,spotify:track:41FrTK3vYlDPeBTyXl5g2T,26,referpe,https://open.spotify.com/track/41FrTK3vYlDPeBTyXl5g2T,['3uQgL10Dx1pMNIDfUiv8HW'],156266
112,No Roots,['Alice Merton'],2023-11-22T19:03:22Z,False,spotify:track:5NMaG2LCpuiRgcnmR72HGc,24,rocidorrrrr,https://open.spotify.com/track/5NMaG2LCpuiRgcnmR72HGc,['7f0OLhGgBMX9fUjm1dcPip'],237053
113,Dog Days Are Over,['Florence + The Machine'],2023-11-22T19:03:41Z,False,spotify:track:456WNXWhDwYOSf5SpTuqxd,79,rocidorrrrr,https://open.spotify.com/track/456WNXWhDwYOSf5SpTuqxd,['1moxjboGR7GNWYIMWsRjgG'],252818
114,I Want To Break Free,['Queen'],2023-11-22T19:06:50Z,False,spotify:track:7iAqvWLgZzXvH38lA06QZg,70,315x7uh6dk3vech6isc3mt4n23wm,https://open.spotify.com/track/7iAqvWLgZzXvH38lA06QZg,['1dfeR4HaWDbWqFHLkxsg1d'],223080
115,Cherry-coloured Funk,['Cocteau Twins'],2023-11-22T19:15:49Z,False,spotify:track:37pKTyMwalomKCZjxTc2QZ,66,,https://open.spotify.com/track/37pKTyMwalomKCZjxTc2QZ,['5Wabl1lPdNOeIn0SQ5A1mp'],192466
116,Start Me Up - Remastered 2009,['The Rolling Stones'],2023-11-22T19:18:09Z,False,spotify:track:7HKez549fwJQDzx3zLjHKC,79,315x7uh6dk3vech6isc3mt4n23wm,https://open.spotify.com/track/7HKez549fwJQDzx3zLjHKC,['22bE4uQ6baNwSHPVcDxLCe'],213066
117,Higher Power,['Coldplay'],2023-11-22T19:22:39Z,False,spotify:track:0939D7aT18uBDS2MTjWzct,68,,https://open.spotify.com/track/0939D7aT18uBDS2MTjWzct,['4gzpq5DPGxSnKTe4SA8HAU'],211294
118,Crazy In Love (feat. Jay-Z),"['Beyoncé', 'JAY-Z']",2023-11-22T19:29:39Z,False,spotify:track:5IVuqXILoxVWvWEPm82Jxr,78,315x7uh6dk3vech6isc3mt4n23wm,https://open.spotify.com/track/5IVuqXILoxVWvWEPm82Jxr,"['6vWDO969PvNqNYHIOW5v0m', '3nFkdlSjzX9mRTtwJOzDYB']",236133
119,Flowers,['Miley Cyrus'],2023-11-22T19:31:32Z,False,spotify:track:7DSAEUvxU8FajXtRloy8M0,90,rocidorrrrr,https://open.spotify.com/track/7DSAEUvxU8FajXtRloy8M0,['5YGY8feqx7naU7z4HrwZM6'],200600
120,Diabla,['Indira Paganotto'],2023-11-22T19:32:07Z,False,spotify:track:7jhnbFPjiETsnctO3eCkVU,44,315x7uh6dk3vech6isc3mt4n23wm,https://open.spotify.com/track/7jhnbFPjiETsnctO3eCkVU,['0JXc5G7ZImFTwPg3y8MTfR'],357567
121,De Festi? Vale,['Trashtucada'],2023-11-22T19:34:36Z,False,spotify:track:5k0btdDbZjHtHanzky847r,47,11136234821,https://open.spotify.com/track/5k0btdDbZjHtHanzky847r,['5XaswkruXoiyiteNBM75Jk'],215160
122,Let's Dance - 1999 Remaster,['David Bowie'],2023-11-22T19:38:46Z,False,spotify:track:0F0MA0ns8oXwGw66B2BSXm,0,,https://open.spotify.com/track/0F0MA0ns8oXwGw66B2BSXm,['0oSGxfWSnnOXhD2fKuz2Gy'],457133
123,Wish You Were Here,['Pink Floyd'],2023-11-22T19:45:55Z,False,spotify:track:1HzDhHApjdjXPLHF6GGYhu,66,315x7uh6dk3vech6isc3mt4n23wm,https://open.spotify.com/track/1HzDhHApjdjXPLHF6GGYhu,['0k17h0D3J5VfsdmQ1iZtE9'],321080
124,Ahí Estás Tú,['Chambao'],2023-11-24T09:00:31Z,False,spotify:track:1dgFSrqG37FpmlZCmlKmP7,46,,https://open.spotify.com/track/1dgFSrqG37FpmlZCmlKmP7,['2qhLqZ1pkiUl5HNrU2Nz0R'],329346
125,Una Persona Sospechosa,['Los Punsetes'],2023-11-23T12:53:32Z,False,spotify:track:03N3GfcATqhDRFqyfftGdu,43,referpe,https://open.spotify.com/track/03N3GfcATqhDRFqyfftGdu,['1jr0mAgIhKtTeKTZwk0HjF'],163266
126,Fight For Your Right,['Beastie Boys'],2023-11-23T12:59:50Z,False,spotify:track:5NLuC70kZQv8q34QyQa1DP,69,referpe,https://open.spotify.com/track/5NLuC70kZQv8q34QyQa1DP,['03r4iKL2g2442PT9n2UKsx'],208653
127,En un Mercedes Blanco (with Martirio),"['Kiko Veneno', 'Martirio']",2023-11-23T13:08:40Z,False,spotify:track:2No3wAfHRigv84eJsiL03R,5,referpe,https://open.spotify.com/track/2No3wAfHRigv84eJsiL03R,"['5TDssiSO1YPd3BINGZx3XP', '7r4rviBG63cmxn51zRuMav']",312680
128,I Believe I Can Fly,['Me First and the Gimme Gimmes'],2023-11-23T15:55:59Z,False,spotify:track:6C0JXC9vaaoX5aa6A7tWf4,43,marpinlo,https://open.spotify.com/track/6C0JXC9vaaoX5aa6A7tWf4,['0cOVRC8EOwDwXrs3JTrRN5'],181440
129,Troubled Mind,['Lisa And The Lips'],2023-11-23T16:10:46Z,False,spotify:track:2ZuvMIeCmriLparhEXp44S,10,referpe,https://open.spotify.com/track/2ZuvMIeCmriLparhEXp44S,['30Zd9RixH0J2ad6LpNaqYP'],164640
130,When The Sun Goes Down,['Arctic Monkeys'],2023-11-24T16:37:12Z,True,spotify:track:2zzLRQ78kKfPTx8FJQCdC2,72,marguia,https://open.spotify.com/track/2zzLRQ78kKfPTx8FJQCdC2,['7Ln80lUS6He07XvHI8qqHH'],202133
131,Soldadito marinero,['Fito y Fitipaldis'],2023-11-24T17:18:39Z,False,spotify:track:0eVborSuxUeSg0meWYd9dZ,67,,https://open.spotify.com/track/0eVborSuxUeSg0meWYd9dZ,['1tZ99AnqyjgrmPwLfGU5eo'],254373
132,Todos los días sale el sol,['Bongo Botrako'],2023-11-25T00:01:15Z,False,spotify:track:1tmwswvJnwOIrskyCKVsgv,58,dkuhrx8m8jqusjvkattt4tl2n,https://open.spotify.com/track/1tmwswvJnwOIrskyCKVsgv,['6XcqNunmoXrhbq6rAYgFxJ'],146337
133,El aire de la calle,['Los Delinquentes'],2023-11-25T00:04:53Z,False,spotify:track:2PaETSKl3w3IdtLIbDnQXJ,62,dkuhrx8m8jqusjvkattt4tl2n,https://open.spotify.com/track/2PaETSKl3w3IdtLIbDnQXJ,['38LYyZ9hZEEQeEfeYoydqd'],186733
134,El hijo de la Inés,['Marea'],2023-11-25T00:06:14Z,False,spotify:track:17LM7c7F3XMXSkXJKEN7CG,52,dkuhrx8m8jqusjvkattt4tl2n,https://open.spotify.com/track/17LM7c7F3XMXSkXJKEN7CG,['5EBH204cwRkvAWknwTAjCQ'],288253
135,Corazón de Mimbre,"['Marea', 'Ángel Rodríguez']",2023-11-25T00:07:35Z,False,spotify:track:1AJAYZ8jVzeBMjXM0Ze8u1,56,dkuhrx8m8jqusjvkattt4tl2n,https://open.spotify.com/track/1AJAYZ8jVzeBMjXM0Ze8u1,"['5EBH204cwRkvAWknwTAjCQ', '0bj6xYjPzv5qi7edFq0wp9']",336360
136,All The Small Things,['blink-182'],2023-11-25T17:46:30Z,False,spotify:track:2m1hi0nfMR9vdGC8UcrnwU,82,braziliangirl007,https://open.spotify.com/track/2m1hi0nfMR9vdGC8UcrnwU,['6FBDaR13swtiWwGhX1WQsP'],167066
137,Killing In The Name,['Rage Against The Machine'],2023-11-25T17:46:46Z,True,spotify:track:59WN2psjkt1tyaxjspN8fp,79,braziliangirl007,https://open.spotify.com/track/59WN2psjkt1tyaxjspN8fp,['2d0hyoQ5ynDBnkvAbJKORj'],313573
138,Why Don't You Get A Job,['The Offspring'],2023-11-25T17:46:58Z,True,spotify:track:0sNKiz82ATCvT3f3XVVUUj,73,braziliangirl007,https://open.spotify.com/track/0sNKiz82ATCvT3f3XVVUUj,['5LfGQac0EIXyAN8aUwmNAQ'],172466
139,Are You Gonna Be My Girl,['Jet'],2023-11-25T17:47:10Z,False,spotify:track:305WCRhhS10XUcH6AEwZk6,75,braziliangirl007,https://open.spotify.com/track/305WCRhhS10XUcH6AEwZk6,['5ypxebeHEIXjMtJb17uJlI'],213800
140,The Pretender,['Foo Fighters'],2023-11-25T17:47:17Z,False,spotify:track:7x8dCjCr0x6x2lXKujYD34,78,braziliangirl007,https://open.spotify.com/track/7x8dCjCr0x6x2lXKujYD34,['7jy3rLJdDQY21OgRLCZ9sD'],269373
141,Can't Stop,['Red Hot Chili Peppers'],2023-11-25T17:47:20Z,False,spotify:track:3ZOEytgrvLwQaqXreDs2Jx,84,braziliangirl007,https://open.spotify.com/track/3ZOEytgrvLwQaqXreDs2Jx,['0L8ExT028jH3ddEcZwqJJ5'],269000
142,Californication,['Red Hot Chili Peppers'],2023-11-25T17:47:25Z,False,spotify:track:48UPSzbZjgc449aqz8bxox,83,braziliangirl007,https://open.spotify.com/track/48UPSzbZjgc449aqz8bxox,['0L8ExT028jH3ddEcZwqJJ5'],329733
143,Dani California,['Red Hot Chili Peppers'],2023-11-25T17:47:27Z,False,spotify:track:10Nmj3JCNoMeBQ87uw5j8k,77,braziliangirl007,https://open.spotify.com/track/10Nmj3JCNoMeBQ87uw5j8k,['0L8ExT028jH3ddEcZwqJJ5'],282160
144,Give It Away,['Red Hot Chili Peppers'],2023-11-25T17:47:34Z,False,spotify:track:0uppYCG86ajpV2hSR3dJJ0,73,braziliangirl007,https://open.spotify.com/track/0uppYCG86ajpV2hSR3dJJ0,['0L8ExT028jH3ddEcZwqJJ5'],282906
145,"You're Gonna Go Far, Kid",['The Offspring'],2023-11-25T17:47:38Z,True,spotify:track:6TfBA04WJ3X1d1wXhaCFVT,81,braziliangirl007,https://open.spotify.com/track/6TfBA04WJ3X1d1wXhaCFVT,['5LfGQac0EIXyAN8aUwmNAQ'],177826
146,Sweet Child O' Mine,"[""Guns N' Roses""]",2023-11-25T17:47:56Z,False,spotify:track:7snQQk1zcKl8gZ92AnueZW,85,braziliangirl007,https://open.spotify.com/track/7snQQk1zcKl8gZ92AnueZW,['3qm84nBOXUEQ2vnTfUTTFC'],356066
147,Island In The Sun,['Weezer'],2023-11-25T17:48:08Z,False,spotify:track:2MLHyLy5z5l5YRp7momlgw,80,braziliangirl007,https://open.spotify.com/track/2MLHyLy5z5l5YRp7momlgw,['3jOstUTkEu2JkjvRdBA5Gu'],200306
148,Numb,['Linkin Park'],2023-11-25T17:48:18Z,False,spotify:track:2nLtzopw4rPReszdYBJU6h,85,braziliangirl007,https://open.spotify.com/track/2nLtzopw4rPReszdYBJU6h,['6XyY86QOPPrYVGvF9ch6wz'],187520
149,Crawling,['Linkin Park'],2023-11-25T17:48:23Z,False,spotify:track:57BrRMwf9LrcmuOsyGilwr,77,braziliangirl007,https://open.spotify.com/track/57BrRMwf9LrcmuOsyGilwr,['6XyY86QOPPrYVGvF9ch6wz'],208960
150,One Step Closer,['Linkin Park'],2023-11-25T17:48:25Z,False,spotify:track:3K4HG9evC7dg3N0R9cYqk4,80,braziliangirl007,https://open.spotify.com/track/3K4HG9evC7dg3N0R9cYqk4,['6XyY86QOPPrYVGvF9ch6wz'],157333
151,Breaking the Habit,['Linkin Park'],2023-11-25T17:48:27Z,False,spotify:track:3dxiWIBVJRlqh9xk144rf4,72,braziliangirl007,https://open.spotify.com/track/3dxiWIBVJRlqh9xk144rf4,['6XyY86QOPPrYVGvF9ch6wz'],196133
152,Toxicity,['System Of A Down'],2023-11-25T17:48:30Z,False,spotify:track:0snQkGI5qnAmohLE7jTsTn,81,braziliangirl007,https://open.spotify.com/track/0snQkGI5qnAmohLE7jTsTn,['5eAWCfyUhZtHHtBdNk56l1'],218933
153,Bring Me To Life,['Evanescence'],2023-11-25T17:48:33Z,False,spotify:track:0COqiPhxzoWICwFCS4eZcp,83,braziliangirl007,https://open.spotify.com/track/0COqiPhxzoWICwFCS4eZcp,['5nGIFgo0shDenQYSE0Sn7c'],235893
154,Somewhere I Belong,['Linkin Park'],2023-11-25T17:48:36Z,False,spotify:track:3fjmSxt0PskST13CSdBUFx,75,braziliangirl007,https://open.spotify.com/track/3fjmSxt0PskST13CSdBUFx,['6XyY86QOPPrYVGvF9ch6wz'],213933
155,Chop Suey!,['System Of A Down'],2023-11-25T17:48:40Z,False,spotify:track:2DlHlPMa4M17kufBvI2lEN,85,braziliangirl007,https://open.spotify.com/track/2DlHlPMa4M17kufBvI2lEN,['5eAWCfyUhZtHHtBdNk56l1'],210240
156,In the End,['Linkin Park'],2023-11-25T17:48:43Z,False,spotify:track:60a0Rd6pjrkxjPbaKzXjfq,87,braziliangirl007,https://open.spotify.com/track/60a0Rd6pjrkxjPbaKzXjfq,['6XyY86QOPPrYVGvF9ch6wz'],216880
157,T.N.T.,['AC/DC'],2023-11-25T17:48:54Z,False,spotify:track:7LRMbd3LEoV5wZJvXT1Lwb,78,braziliangirl007,https://open.spotify.com/track/7LRMbd3LEoV5wZJvXT1Lwb,['711MCceyCBcFnzjGY4Q7Un'],214666
158,Ni**as In Paris,"['JAY-Z', 'Kanye West']",2023-11-25T17:51:00Z,True,spotify:track:1auxYwYrFRqZP7t3s7w4um,81,braziliangirl007,https://open.spotify.com/track/1auxYwYrFRqZP7t3s7w4um,"['3nFkdlSjzX9mRTtwJOzDYB', '5K4W6rqBFWDnAN6FQUkS6x']",219333
159,Day 'N' Nite (Nightmare),['Kid Cudi'],2023-11-25T17:51:10Z,False,spotify:track:60PAzFNW3vAiAiVK6DRJfB,70,braziliangirl007,https://open.spotify.com/track/60PAzFNW3vAiAiVK6DRJfB,['0fA0VVWsXO9YnASrzqfmYu'],221240
160,Pursuit Of Happiness (Nightmare),"['Kid Cudi', 'MGMT', 'Ratatat']",2023-11-25T17:51:14Z,True,spotify:track:4kTLpAbhuEGHAAdDjOIWaa,69,braziliangirl007,https://open.spotify.com/track/4kTLpAbhuEGHAAdDjOIWaa,"['0fA0VVWsXO9YnASrzqfmYu', '0SwO7SWeDHJijQ3XNS7xEE', '57dN52uHvrHOxijzpIgu3E']",295293
161,P.I.M.P.,['50 Cent'],2023-11-25T17:51:16Z,True,spotify:track:3G0yz3DZn3lfraledmBCT0,76,braziliangirl007,https://open.spotify.com/track/3G0yz3DZn3lfraledmBCT0,['3q7HBObVc0L8jNeTe5Gofh'],249480
162,In Da Club,['50 Cent'],2023-11-25T17:51:20Z,True,spotify:track:7iL6o9tox1zgHpKUfh9vuC,81,braziliangirl007,https://open.spotify.com/track/7iL6o9tox1zgHpKUfh9vuC,['3q7HBObVc0L8jNeTe5Gofh'],193466
163,X Gon' Give It To Ya - Int'l Bonus track,['DMX'],2023-11-25T17:51:30Z,False,spotify:track:66orjI5vOkyxOZLHWrPklh,66,braziliangirl007,https://open.spotify.com/track/66orjI5vOkyxOZLHWrPklh,['1HwM5zlC5qNWhJtM00yXzG'],219733
164,Party Up,['DMX'],2023-11-25T17:51:33Z,True,spotify:track:0LWkaEyQRkF0XAms8Bg1fC,70,braziliangirl007,https://open.spotify.com/track/0LWkaEyQRkF0XAms8Bg1fC,['1HwM5zlC5qNWhJtM00yXzG'],268866
165,Break Ya Neck,['Busta Rhymes'],2023-11-25T17:51:37Z,True,spotify:track:7gKgd0P3dAAePiSQQBqrlf,67,braziliangirl007,https://open.spotify.com/track/7gKgd0P3dAAePiSQQBqrlf,['1YfEcTuGvBQ8xSD1f53UnK'],231240
166,Ruff Ryders' Anthem,['DMX'],2023-11-25T17:51:42Z,True,spotify:track:1BKT2I9x4RGKaKqW4up34s,70,braziliangirl007,https://open.spotify.com/track/1BKT2I9x4RGKaKqW4up34s,['1HwM5zlC5qNWhJtM00yXzG'],214440
167,My Band,['D12'],2023-11-25T17:52:05Z,True,spotify:track:4XHQyvbrBsQaaBUW1VvmsL,71,braziliangirl007,https://open.spotify.com/track/4XHQyvbrBsQaaBUW1VvmsL,['5Qi4Bb7a8C0a00NZcA77L0'],298773
168,Cleanin' Out My Closet,['Eminem'],2023-11-25T17:52:10Z,True,spotify:track:7BMO7O7ImjV8HNTH74Tshv,72,braziliangirl007,https://open.spotify.com/track/7BMO7O7ImjV8HNTH74Tshv,['7dGJo4pcD2V6oG8kP0tJRR'],297840
169,Just Lose It,['Eminem'],2023-11-25T17:52:12Z,True,spotify:track:0qcjuYtMWhBjXg0Xwt5SzS,68,braziliangirl007,https://open.spotify.com/track/0qcjuYtMWhBjXg0Xwt5SzS,['7dGJo4pcD2V6oG8kP0tJRR'],248680
170,Otis,"['JAY-Z', 'Kanye West', 'Otis Redding']",2023-11-25T17:52:19Z,True,spotify:track:14I61w6cyYUHiV2n28IYdP,69,braziliangirl007,https://open.spotify.com/track/14I61w6cyYUHiV2n28IYdP,"['3nFkdlSjzX9mRTtwJOzDYB', '5K4W6rqBFWDnAN6FQUkS6x', '60df5JBRRPcnSpsIMxxwQm']",178213
171,Jump Around - 30 Years Remaster,['House Of Pain'],2023-11-25T17:52:43Z,True,spotify:track:7L93GESzq43UkKUt5FsOCq,76,braziliangirl007,https://open.spotify.com/track/7L93GESzq43UkKUt5FsOCq,['0AuW7OCyKfFrsMbtHrYgIV'],218546
172,Harder Than You Think,['Public Enemy'],2023-11-25T17:52:58Z,False,spotify:track:5YpZh8wfS4moRBk0ijNcXr,63,braziliangirl007,https://open.spotify.com/track/5YpZh8wfS4moRBk0ijNcXr,['6Mo9PoU6svvhgEum7wh2Nd'],249521
173,Gangsta's Paradise,"['Coolio', 'L.V.']",2023-11-25T17:53:29Z,False,spotify:track:1DIXPcTDzTj8ZMHt3PDt8p,85,braziliangirl007,https://open.spotify.com/track/1DIXPcTDzTj8ZMHt3PDt8p,"['3y24n3XhZ96wgwRXjvS17T', '2LhsePRtgCo4THVKULQBL7']",240693
174,Without Me,['Eminem'],2023-11-25T17:53:34Z,True,spotify:track:7lQ8MOhq6IN2w8EYcFNSUk,87,braziliangirl007,https://open.spotify.com/track/7lQ8MOhq6IN2w8EYcFNSUk,['7dGJo4pcD2V6oG8kP0tJRR'],290320
175,My Name Is,['Eminem'],2023-11-25T17:53:51Z,True,spotify:track:75IN3CtuZwTHTnZvYM4qnJ,74,braziliangirl007,https://open.spotify.com/track/75IN3CtuZwTHTnZvYM4qnJ,['7dGJo4pcD2V6oG8kP0tJRR'],268400
176,I Need A Doctor,"['Dr. Dre', 'Eminem', 'Skylar Grey']",2023-11-25T17:54:41Z,True,spotify:track:70ATm56tH7OrQ1zurYssz0,68,braziliangirl007,https://open.spotify.com/track/70ATm56tH7OrQ1zurYssz0,"['6DPYiyq5kWVQS4RGwxzPC7', '7dGJo4pcD2V6oG8kP0tJRR', '4utLUGcTvOJFr6aqIJtYWV']",283733
177,Drop It Like It's Hot,"['Snoop Dogg', 'Pharrell Williams']",2023-11-25T17:54:51Z,True,spotify:track:2NBQmPrOEEjA8VbeWOQGxO,75,braziliangirl007,https://open.spotify.com/track/2NBQmPrOEEjA8VbeWOQGxO,"['7hJcb9fa4alzcOq3EaNPoG', '2RdwBSPQiwcmiDo9kixcl8']",266066
178,Ass Like That,['Eminem'],2023-11-25T17:55:06Z,True,spotify:track:4gXdMZkBN1neE9nX6yRALa,68,braziliangirl007,https://open.spotify.com/track/4gXdMZkBN1neE9nX6yRALa,['7dGJo4pcD2V6oG8kP0tJRR'],265480
179,La Magia,"['Galvan Real', 'Raul Camacho']",2023-11-25T18:26:04Z,False,spotify:track:1uw6eHdMtRlX6MtiZVJYB9,61,dkuhrx8m8jqusjvkattt4tl2n,https://open.spotify.com/track/1uw6eHdMtRlX6MtiZVJYB9,"['2iA56rE7fZUnD4GdsSUj3G', '10eONQKnUPe6K1pLnCUpqT']",201052
180,Flying Free - Original Mix,['Pont Aeri Vol.4'],2023-11-25T19:28:04Z,False,spotify:track:7GgO2o2pxNh9SfFAILvouQ,36,dkuhrx8m8jqusjvkattt4tl2n,https://open.spotify.com/track/7GgO2o2pxNh9SfFAILvouQ,['4QXkHKQSSfWeCWSZE0HRTC'],192520
181,Cuando zarpa el amor,['Camela'],2023-11-25T20:23:04Z,False,spotify:track:0GzQB5WXavUEU8tfTCAd8m,59,dkuhrx8m8jqusjvkattt4tl2n,https://open.spotify.com/track/0GzQB5WXavUEU8tfTCAd8m,['6flBUmmOMLNhD4EJhGwgpG'],212400
182,La Quiero a Morir,['Rafa Ruiz El Bomba'],2023-11-25T20:34:06Z,False,spotify:track:7fTBamXXMBZubPK7xwPLPO,30,dkuhrx8m8jqusjvkattt4tl2n,https://open.spotify.com/track/7fTBamXXMBZubPK7xwPLPO,['0o4eooy9IBEEeB5QLwsqFj'],217106
183,La luna me sabe a poco,['Marea'],2023-11-25T20:45:02Z,False,spotify:track:16taQAqrrfqCwbkbKFr2OH,58,dkuhrx8m8jqusjvkattt4tl2n,https://open.spotify.com/track/16taQAqrrfqCwbkbKFr2OH,['5EBH204cwRkvAWknwTAjCQ'],267186
184,9 to 5,['Dolly Parton'],2023-11-25T20:54:42Z,False,spotify:track:4w3tQBXhn5345eUXDGBWZG,79,referpe,https://open.spotify.com/track/4w3tQBXhn5345eUXDGBWZG,['32vWCbZh0xZ4o9gkz4PsEU'],162466
185,En el alambre,['Ivan Ferreiro'],2023-11-25T21:01:06Z,False,spotify:track:2jDuMfgxrb43HBNeEPnyYj,31,referpe,https://open.spotify.com/track/2jDuMfgxrb43HBNeEPnyYj,['3qUrABCNqnkb5gc2YmPVzP'],287466
186,Dulce introducción al caos,['Extremoduro'],2023-11-25T21:39:42Z,False,spotify:track:1aDeaDooAd79p2sdImGG4a,56,dkuhrx8m8jqusjvkattt4tl2n,https://open.spotify.com/track/1aDeaDooAd79p2sdImGG4a,['3bgsNtcf5d5h9jbQbohfBK'],462013
187,Missing - Todd Terry Remix,"['Everything But The Girl', 'Todd Terry']",2023-11-27T21:16:08Z,False,spotify:track:1waLmkUyMq0M5ACmf5SG7q,59,,https://open.spotify.com/track/1waLmkUyMq0M5ACmf5SG7q,"['13ccXrK7AmXb4TddMkE7jy', '3dE92yGWcrboP1kC5SWyqu']",236293
188,First Of The Gang To Die - Remastered,['Morrissey'],2023-11-27T21:19:25Z,False,spotify:track:5dVbC1xaA1No4TRsgeNWiF,0,,https://open.spotify.com/track/5dVbC1xaA1No4TRsgeNWiF,['3iTsJGG39nMg9YiolUgLMQ'],217853
189,Desperado,['Rihanna'],2023-11-29T07:24:11Z,False,spotify:track:4mCf3vQf7z0Yseo0RxAi3V,69,referpe,https://open.spotify.com/track/4mCf3vQf7z0Yseo0RxAi3V,['5pKCCKE2ajJHZ9KAiaK11H'],186466
190,Enamorado de la moda juvenil,['Radio Futura'],2023-12-01T18:15:32Z,False,spotify:track:6dC0U0ZJrmSw05sdnjDpGJ,50,,https://open.spotify.com/track/6dC0U0ZJrmSw05sdnjDpGJ,['4qKJA8Cf8R44cMThP6q8KM'],219706
191,NIGHT DANCER,['imase'],2023-11-30T15:29:38Z,False,spotify:track:3gmn76fCtpDazGMnN0QMHX,72,marguia,https://open.spotify.com/track/3gmn76fCtpDazGMnN0QMHX,['4TaSvnT5o4REFwhqfrmK27'],210600
192,So Caught Up,['The Teskey Brothers'],2023-12-02T10:38:24Z,False,spotify:track:6QvdMd39Vywf87kHx03xgX,55,kokoblanko,https://open.spotify.com/track/6QvdMd39Vywf87kHx03xgX,['2nTjd2lNo1GVEfXM3bCnsh'],228553
193,Wade In the Water,['John Butler Trio'],2023-12-02T10:38:32Z,False,spotify:track:6oNzsywdVC2Uzt0sl7OAZQ,16,kokoblanko,https://open.spotify.com/track/6oNzsywdVC2Uzt0sl7OAZQ,['6fBF4MULW5yMzyGaon1kUt'],239093
194,In The Colors,['Ben Harper And The Innocent Criminals'],2023-12-02T10:39:16Z,False,spotify:track:4sAQApEOLduYpmFMcXeRwo,52,kokoblanko,https://open.spotify.com/track/4sAQApEOLduYpmFMcXeRwo,['7sJ9LR0mCMgFlzJ6Y9xP64'],177200
195,Real Life (feat. Cannons),"['The Knocks', 'Cannons']",2023-12-02T18:51:00Z,False,spotify:track:1ayhhGFc4teYQahLxySFSN,40,marguia,https://open.spotify.com/track/1ayhhGFc4teYQahLxySFSN,"['2x7EATekOPhFGRx3syMGEC', '7FtCyCJCJaxabYO7Uyda5B']",203277
196,The Kids Aren't Alright,['The Offspring'],2023-12-03T09:19:30Z,False,spotify:track:4EchqUKQ3qAQuRNKmeIpnf,82,marpinlo,https://open.spotify.com/track/4EchqUKQ3qAQuRNKmeIpnf,['5LfGQac0EIXyAN8aUwmNAQ'],180160
197,Should I Stay or Should I Go - Remastered,['The Clash'],2023-12-03T09:20:02Z,False,spotify:track:39shmbIHICJ2Wxnk1fPSdz,82,marpinlo,https://open.spotify.com/track/39shmbIHICJ2Wxnk1fPSdz,['3RGLhK1IP9jnYFH4BRFJBS'],188986
198,Saccharine,['Good Riddance'],2023-12-03T09:20:16Z,False,spotify:track:4s6Z9FIeYc8AlNPr4mpUa9,14,marpinlo,https://open.spotify.com/track/4s6Z9FIeYc8AlNPr4mpUa9,['1Yunxnwa5znrQ9Ha7dZeHO'],136200
199,All I Want,['The Offspring'],2023-12-03T09:20:33Z,False,spotify:track:717oSBYrcR8awQgUsmyE32,66,marpinlo,https://open.spotify.com/track/717oSBYrcR8awQgUsmyE32,['5LfGQac0EIXyAN8aUwmNAQ'],114666
200,Midlife Crisis,['Faith No More'],2023-12-05T09:19:05Z,False,spotify:track:3Ph7fws05DvPwpn5CQHTBy,56,referpe,https://open.spotify.com/track/3Ph7fws05DvPwpn5CQHTBy,['6GbCJZrI318Ybm8mY36Of5'],259866
201,Whatever,['Oasis'],2023-12-05T15:03:55Z,False,spotify:track:425UymJA8FJCGz7JZEkEFA,41,referpe,https://open.spotify.com/track/425UymJA8FJCGz7JZEkEFA,['2DaxqgrOhkeH0fpeiQq2f4'],381266
202,Purple Rain,['Prince'],2023-12-06T10:26:18Z,False,spotify:track:54X78diSLoUDI3joC2bjMz,73,,https://open.spotify.com/track/54X78diSLoUDI3joC2bjMz,['5a2EaR3hamoenG9rDuVn8j'],520786
203,Não Me Deixes À Porta Da Escola,['Luísa Sobral'],2023-12-10T08:58:20Z,False,spotify:track:6Kt7TA0uMR8NwJPBDVEO5s,18,rocidorrrrr,https://open.spotify.com/track/6Kt7TA0uMR8NwJPBDVEO5s,['4AEYOYl57sXoOtZQp0iaOT'],139342
204,Oral,"['Björk', 'ROSALÍA']",2023-12-10T09:00:00Z,False,spotify:track:3re91K41XNVsViNbCPumTw,53,rocidorrrrr,https://open.spotify.com/track/3re91K41XNVsViNbCPumTw,"['7w29UYBi0qsHi5RTcv3lmA', '7ltDVBr6mKbRvohxheJ9h1']",222737
205,Miami Beach,['Rigoberta Bandini'],2023-12-10T09:06:04Z,False,spotify:track:4NHHipNDZ7drpgykr6W09d,41,rocidorrrrr,https://open.spotify.com/track/4NHHipNDZ7drpgykr6W09d,['7DOERbtkx9aTLvWzZSB0qx'],237812
206,Solo Quiero Bailar,['K!ngdom'],2023-12-10T09:07:44Z,False,spotify:track:1mkZrkX1TJjGMoQMOKOipZ,46,rocidorrrrr,https://open.spotify.com/track/1mkZrkX1TJjGMoQMOKOipZ,['7awzJ795ZYRCpQktKCKgW4'],204820
207,Ansiedad,['Ginebras'],2023-12-10T09:09:19Z,True,spotify:track:0VjbhTzBNUNFWeIS2fy0Es,41,rocidorrrrr,https://open.spotify.com/track/0VjbhTzBNUNFWeIS2fy0Es,['5w3bs8jNvbb0QHf5Lo0sva'],178274
208,Guapa y Lista (feat. CHICA SOBRESALTO),['Rocío Saiz'],2023-12-10T09:10:10Z,False,spotify:track:5XEmxcxuKcRONg3oLkOzNK,27,rocidorrrrr,https://open.spotify.com/track/5XEmxcxuKcRONg3oLkOzNK,['6J7Piqvg9Y5aIOFq6DuJtm'],194123
209,Desastre de persona,"['Ginebras', 'Dani Martín']",2023-12-10T09:15:53Z,True,spotify:track:6TKOZGkwlkafXINFxUSF83,49,rocidorrrrr,https://open.spotify.com/track/6TKOZGkwlkafXINFxUSF83,"['5w3bs8jNvbb0QHf5Lo0sva', '3AIPhNgeF9S1Kyg9Yy3UQW']",173721
210,"thank u, next",['Ariana Grande'],2023-12-14T16:20:12Z,True,spotify:track:3e9HZxeyfWwjeyPAMmWSSQ,78,referpe,https://open.spotify.com/track/3e9HZxeyfWwjeyPAMmWSSQ,['66CXWjxzNUsdJxJ2JdwvnR'],207320
211,Black Lightning,['The BellRays'],2023-12-14T16:38:26Z,False,spotify:track:3Z6wPfzx7wAkKTXvz0Ktiv,9,referpe,https://open.spotify.com/track/3Z6wPfzx7wAkKTXvz0Ktiv,['1j22sbMyu5n26N00BebDBh'],166693
212,Free,['Ultra Naté'],2023-12-20T15:00:05Z,False,spotify:track:0kqatfl1V116n4U2gKZQuV,57,referpe,https://open.spotify.com/track/0kqatfl1V116n4U2gKZQuV,['1cK2Abwkni7m51wJCSGllN'],353360
